{"version":6,"createdAt":1671627389367,"updatedAt":1676463345178,"name":"RifeMTL tape","id":"rifeMTLtape_v16814823091091681482309109","states":{"panes":{"_id":"panes","locked":true,"panes":{"stats":{"id":"stats","name":"","type":"stats","markets":["BINANCE_FUTURES:mtlusdt","BYBIT:MTLUSDT"]},"trades":{"id":"trades","name":"Perp Trades","type":"trades","zoom":0.875,"markets":["BINANCE_FUTURES:mtlusdt","BYBIT:MTLUSDT"]},"trades2":{"id":"trades2","name":"Spot Trades","type":"trades","zoom":0.875,"markets":["BINANCE:mtlusdt","COINBASE:MTL-USD"]},"stats2":{"id":"stats2","name":"","type":"stats","zoom":0.875,"markets":["BINANCE:mtlusdt","COINBASE:MTL-USD"]}},"layout":[{"i":"stats","type":"stats","y":21,"x":12,"w":12,"h":3,"moved":false},{"i":"trades","type":"trades","y":0,"x":12,"w":12,"h":21,"moved":false},{"i":"trades2","type":"trades","y":0,"x":0,"w":12,"h":21,"moved":false},{"i":"stats2","type":"stats","y":21,"x":0,"w":12,"h":3,"moved":false}]},"settings":{"_id":"settings","preferQuoteCurrencySize":true,"aggregationLength":1,"calculateSlippage":"bps","wsProxyUrl":null,"disableAnimations":false,"autoHideHeaders":true,"theme":"dark","backgroundColor":"rgb(25,25,25)","textColor":"","buyColor":"rgb(100, 157, 102)","sellColor":"rgb(239, 67, 82)","timezoneOffset":0,"useAudio":false,"audioVolume":0.2,"audioFilters":{"PingPongDelay":true,"Compressor":false,"Delay":false,"HighPassFilter":true,"LowPassFilter":false},"sections":["settings-trades","timeframe-minutes","indicator-left-colors","settings-workspaces","settings-other"],"searchTypes":{"historical":true,"spots":true,"perpetuals":true,"futures":false,"normalize":true,"mergeUsdt":false},"searchQuotes":{},"previousSearchSelections":[],"searchExchanges":{"AGGR":true,"BINANCE":true,"BINANCE_FUTURES":true,"BINANCE_US":true,"BITFINEX":true,"BITMEX":true,"BITSTAMP":true,"BYBIT":true,"COINBASE":true,"DERIBIT":true,"DYDX":true,"HITBTC":true,"HUOBI":true,"KRAKEN":true,"KUCOIN":true,"OKEX":true,"PHEMEX":true,"POLONIEX":true,"UNISWAP":true},"timeframes":[{"label":"1s","value":"1"},{"label":"3s","value":"3"},{"label":"5s","value":"5"},{"label":"10s","value":"10"},{"label":"15s","value":"15"},{"label":"30s","value":"30"},{"label":"1m","value":"60"},{"label":"3m","value":"180"},{"label":"5m","value":"300"},{"label":"15m","value":"900"},{"label":"21m","value":"1260"},{"label":"30m","value":"1800"},{"label":"1h","value":"3600"},{"label":"2h","value":"7200"},{"label":"4h","value":"14400"},{"label":"6h","value":"21600"},{"label":"8h","value":"28800"},{"label":"12h","value":"43200"},{"label":"1d","value":"86400"},{"label":"21 ticks","value":"21t"},{"label":"50 ticks","value":"50t"},{"label":"89 ticks","value":"89t"},{"label":"100 ticks","value":"100t"},{"label":"200 ticks","value":"200t"},{"label":"610 ticks","value":"610t"},{"label":"1000 ticks","value":"1000t"},{"label":"1597 ticks","value":"1597t"}],"favoriteTimeframes":{"60":"1m","300":"5m","900":"15m","1800":"30m","3600":"1h","14400":"4h"},"normalizeWatermarks":true,"alerts":false,"alertsColor":"red","alertsLineStyle":2,"alertsLineWidth":2,"alertsClick":false,"alertSound":null,"settings":["workspaces","chart","stats","counters","audio","exchanges","list","other"],"searchSections":["types","exchanges","extras"],"timeframeGroups":["seconds","minutes","hours"]},"exchanges":{"AGGR":{"disabled":true},"BINANCE":{"disabled":false,"fetched":true},"BINANCE_FUTURES":{"disabled":false,"fetched":true},"BINANCE_US":{"disabled":true,"fetched":false},"BITFINEX":{"disabled":false,"fetched":true},"BITMEX":{"disabled":false,"fetched":true},"BITSTAMP":{"disabled":false,"fetched":true},"BYBIT":{"disabled":false,"fetched":true},"COINBASE":{"disabled":false,"fetched":true},"DERIBIT":{"disabled":false,"fetched":true},"DYDX":{"disabled":false,"fetched":false},"HITBTC":{"disabled":true,"fetched":false},"HUOBI":{"disabled":true,"fetched":false},"KRAKEN":{"disabled":false,"fetched":true},"OKEX":{"disabled":false,"fetched":false},"PHEMEX":{"disabled":false,"fetched":false},"POLONIEX":{"disabled":false,"fetched":true},"_id":"exchanges"},"chart":{"indicatorsErrors":{},"indicators":{"volume":{"enabled":true,"name":"Volume","description":"Volume + delta","script":"if (upColor === 0) {\n  if (options.showDelta) {\n    upColor = options.upBgColor\n    downColor = options.downBgColor\n  } else {\n    upColor = options.upColor\n    downColor = options.downColor\n  }\n}\n\nif (options.showDelta) {\n  plothistogram({ time: time, value: Math.abs(vbuy-vsell), color: vbuy - vsell > 0 ? options.upColor : options.downColor})\n}\n\nplothistogram({ time: time, value: vbuy + vsell, color: vbuy > vsell ? upColor : downColor })","options":{"priceFormat":{"type":"volume"},"upColor":"rgb(59,202,109)","downColor":"rgb(235,30,47)","priceScaleId":"volume","scaleMargins":{"top":0.84,"bottom":0},"showDelta":true,"upBgColor":"rgba(59,202,109,0.5)","downBgColor":"rgba(235,30,47,0.5)"},"id":"volume","createdAt":1660654392488,"updatedAt":null,"series":["volume","jecwssmq"],"navigationState":{"sections":["position","colors","scriptOptions","defaultOptions"],"tab":"#script","optionsQuery":"","fontSize":1}},"price":{"script":"plotcandlestick(avg_ohlc(bar))","enabled":true,"name":"Price","options":{"priceScaleId":"right","priceFormat":{"auto":true,"precision":1,"minMove":0.1},"priceLineVisible":false,"lastValueVisible":true,"borderVisible":true,"upColor":"rgba(255,255,255,0.7)","downColor":"rgb(0,0,0)","borderUpColor":"rgba(255,255,255,0.5)","borderDownColor":"rgba(255,255,255,0.5)","wickUpColor":"rgba(255,255,255,0.5)","wickDownColor":"rgba(255,255,255,0.5)","visible":true},"id":"price","createdAt":1648450392186,"updatedAt":1655384803830,"series":["price"],"unsavedChanges":true,"navigationState":{"sections":["position","colors"],"tab":"#script","optionsQuery":"","fontSize":1},"displayName":"Price"},"cvd-spot":{"id":"cvd-spot","name":"CVD Spot","priceScaleId":"cvd-spot","options":{"priceScaleId":"cvd-spot","color":"rgba(100,181,246,0.77)","lineStyle":0,"lineWidth":1,"visible":true},"series":["cvd-spot"],"displayName":"CVD Spot","unsavedChanges":false,"createdAt":1649233314184,"navigationState":{"sections":["position","format","defaultOptions","colors"],"tab":"#options","optionsQuery":"","fontSizePx":12},"updatedAt":1668677407941},"cvd-perp":{"id":"cvd-perp","name":"CVD Perp","priceScaleId":"cvd-perp","options":{"priceScaleId":"cvd-perp","color":"rgba(240,98,146,0.79)","lineStyle":0,"lineWidth":1},"series":["cvd-perp copy 1"],"displayName":"CVD Perp","unsavedChanges":false,"createdAt":1649233375756,"navigationState":{"sections":["position","format","defaultOptions","colors"],"tab":"#script","optionsQuery":"","fontSizePx":12},"updatedAt":1661503404937},"cvd":{"script":"line(cum(vbuy-vsell), title=CVD)","id":"cvd","name":"CVD","priceScaleId":"cvd","options":{"priceScaleId":"cvd","color":"rgba(255,255,255,0.14)"},"series":["cvd"],"displayName":"CVD","unsavedChanges":true,"createdAt":1650978997397,"navigationState":{"sections":["position","colors"],"tab":"#script","optionsQuery":"","fontSizePx":12},"updatedAt":1666695368508},"basis":{"script":"spot = ((BINANCE:btcusdt.close+BITFINEX:BTCUSD.close+BITFINEX:BTCUST.close+COINBASE:BTC-USD.close+COINBASE:BTC-USDT.close+KRAKEN:XBT/USD.close)/6)\nperp = ((BINANCE_FUTURES:btcusdt.close+BYBIT:BTCUSDT.close+BYBIT:BTCUSD.close+BITMEX:XBTUSD.close+DERIBIT:BTC-PERPETUAL.close)/5)\n\nd = spot-perp\n\ncloudarea(d, 0, title=Basis)","id":"basis","name":"Basis","priceScaleId":"basis","options":{"priceScaleId":"basis","visible":true,"color":"rgb(10,96,162)","positiveColor":"rgba(194,24,91,0.35)","higherLineColor":"rgba(194,24,91,0.01)","negativeColor":"rgba(10,96,162,0.8)","lowerLineColor":"rgba(10,96,162,0.01)"},"series":["basis"],"displayName":"Basis","unsavedChanges":false,"createdAt":1670318628909,"navigationState":{"sections":["position","colors","defaultOptions"],"tab":"#script","optionsQuery":"","fontSizePx":11},"updatedAt":1670329216619},"liquidations":{"script":"plothistogram(lbuy, color=options.upColor)\nplothistogram(-lsell, color=options.downColor)","enabled":true,"name":"Liquidations","description":"Liquidations by side","options":{"priceScaleId":"volume_liquidations","priceFormat":{"type":"volume"},"upColor":"rgb(255,76,243)","downColor":"rgb(255,183,77)","scaleMargins":{"top":0.75,"bottom":0.17},"visible":true},"id":"liquidations","createdAt":1660654392488,"updatedAt":1623024000000,"series":["liquidations","wiwvjr3x"],"displayName":"Liquidations"},"delta-perp":{"id":"delta-perp","name":"Delta Perp","priceScaleId":"delta-perp","options":{"priceScaleId":"delta-perp","upColor":"rgb(100,181,246)","downColor":"rgb(239,83,80)","visible":true,"upColorHighVol":"rgb(100,181,246)","upColorLowVol":"rgb(10,96,162)","downColorHighVol":"rgb(240,98,146)","downColorLowVol":"rgb(194,24,91)","length":14},"series":["delta-perp"],"displayName":"Delta Perps","unsavedChanges":false,"createdAt":1649243704762,"navigationState":{"sections":["position","colors","scriptOptions"],"tab":"#script","optionsQuery":"","fontSize":1},"updatedAt":1667998563922},"delta-spot":{"id":"delta-spot","name":"Delta Spot","priceScaleId":"delta-spot","options":{"priceScaleId":"delta-spot","upColor":"rgb(100,181,246)","downColor":"rgb(236,64,122)","visible":true,"upColorLowVol":"rgb(10,96,162)","downColorLowVol":"rgb(194,24,91)","upColorHighVol":"rgb(100,181,246)","downColorHighVol":"rgb(240,98,146)","length":14},"series":["delta-spot"],"displayName":"Delta Spot","unsavedChanges":false,"createdAt":1649243605267,"navigationState":{"sections":["position","colors","defaultOptions","scriptOptions"],"tab":"#script","optionsQuery":"","fontSize":1},"updatedAt":1668677434599}},"priceScales":{"right":{"scaleMargins":{"top":0.04,"bottom":0.69},"indicators":["Price"]},"cvd":{"scaleMargins":{"top":0.3,"bottom":0.45},"indicators":["CVD"]},"volume_liquidations":{"scaleMargins":{"top":0.82,"bottom":0.09},"indicators":["Liquidations"]},"volume":{"scaleMargins":{"top":0.9,"bottom":0},"indicators":["Volume"]},"cvd-spot":{"scaleMargins":{"top":0.3,"bottom":0.45},"indicators":["CVD BTC Spot"]},"cvd-perp":{"scaleMargins":{"top":0.3,"bottom":0.45},"indicators":["CVD BTC Perp"]},"delta-spot":{"scaleMargins":{"top":0.55,"bottom":0.35},"indicators":["Delta Spot"],"mode":0},"delta-perp":{"scaleMargins":{"top":0.64,"bottom":0.26},"indicators":["Delta Perp"]},"basis":{"scaleMargins":{"top":0.73,"bottom":0.18},"indicators":["Basis"]}},"layouting":false,"timeframe":"300","refreshRate":1000,"showLegend":false,"fillGapsWithEmpty":true,"showHorizontalGridlines":false,"horizontalGridlinesColor":"rgba(255,255,255,.1)","showVerticalGridlines":false,"verticalGridlinesColor":"rgba(255,255,255,.1)","showWatermark":false,"watermarkColor":"rgba(255,255,255,.1)","showBorder":true,"borderColor":null,"showLeftScale":false,"showRightScale":true,"showTimeScale":true,"hiddenMarkets":{"BINANCE_FUTURES:btcusd_perp":false,"BINANCE_FUTURES:btcusdt":false,"BINANCE:btcusdt":false,"BITFINEX:BTCF0:USTF0":false,"BITFINEX:BTCUSD":false,"BITFINEX:BTCUST":false,"BITMEX:XBT_USDT":false,"BITMEX:XBTUSD":false,"BITMEX:XBTUSDT":false,"BITSTAMP:btcusd":false,"BITSTAMP:btcusdc":false,"BITSTAMP:btcusdt":false,"BYBIT:BTCUSD":false,"BYBIT:BTCUSDC-SPOT":false,"BYBIT:BTCUSDT":false,"BYBIT:BTCUSDT-SPOT":false,"COINBASE:BTC-USD":false,"COINBASE:BTC-USDC":false,"COINBASE:BTC-USDT":false,"DERIBIT:BTC_USDC-PERPETUAL":false,"DERIBIT:BTC-PERPETUAL":false,"DYDX:BTC-USD":false,"KRAKEN:PI_XBTUSD":false,"KRAKEN:XBT/USD":false,"KRAKEN:XBT/USDC":false,"KRAKEN:XBT/USDT":false,"OKEX:BTC-USD-SWAP":false,"OKEX:BTC-USDC":false,"OKEX:BTC-USDC-SWAP":false,"OKEX:BTC-USDT":false,"OKEX:BTC-USDT-SWAP":false,"PHEMEX:BTCUSD":false,"PHEMEX:BTCUSDT":false,"PHEMEX:sBTCUSDT":false,"POLONIEX:USDC_BTC":false,"POLONIEX:USDT_BTC":false},"barSpacing":1.8340070490931233,"navigationState":{"tab":"script","optionsQuery":"","fontSizePx":14},"_id":"chart","forceNormalizePrice":false},"stats":{"granularity":5000,"window":60000,"enableChart":false,"buckets":{"trades":{"id":"trades","name":"TRADES","input":"cbuy + csell","enabled":true,"color":"rgba(255, 255, 255, .25)","precision":2,"type":"line","conditionnalColor":false},"vold":{"id":"vold","name":"VOLUME Δ","input":"vbuy - vsell","enabled":true,"color":"#40d745","type":"area","conditionnalColor":false},"tradesd":{"id":"tradesd","name":"TRADES Δ","input":"cbuy - csell","enabled":false,"color":"#2196f3","precision":2,"type":"line","conditionnalColor":false},"1hliq":{"id":"1hliq","name":"1m LIQUIDATIONS","window":60000,"input":"lbuy+lsell","enabled":true,"color":"","conditionnalColor":true,"type":"histogram"}},"_id":"stats"},"trades":{"liquidations":[{"id":"liquidation_threshold","amount":10000,"buyColor":"rgba(236,64,122,0.5)","sellColor":"rgba(255,152,0,0.5)","buyAudio":"var srqtR = Math.min(1, gain / 4)\nplay(329.63, srqtR, srqtR*2,0,,,'sine')\nplay(329.63, srqtR, srqtR*4,0.08,,,'sine')","sellAudio":"var srqtR = Math.min(1, gain / 6)\nplay(440, srqtR, srqtR*2,0,,,'sine')\nplay(440, srqtR, srqtR*4,0.08,,,'sine')"},{"id":"liquidation_significant","amount":50000,"buyColor":"rgba(236,64,122,0.6)","sellColor":"rgba(255,152,0,0.7)","buyAudio":"var srqtR = Math.min(1, gain / 4)\nplay(329.63, srqtR, srqtR*4,0,,,'sine')\nplay(329.63, srqtR, srqtR*6,0.08,,,'sine')","sellAudio":"var srqtR = Math.min(1, gain / 6)\nplay(440, srqtR, srqtR*4,0,,,'sine')\nplay(440, srqtR, srqtR*6,0.08,,,'sine')"},{"id":"liquidation_huge","amount":100000,"buyGif":"flying money","sellGif":"flying money","buyColor":"rgba(236,64,122,0.7)","sellColor":"rgba(255,152,0,0.8)","buyAudio":"var srqtR = Math.min(1, gain / 4)\nplay(329.63, srqtR, srqtR*4,0,,,'sine')\nplay(329.63, srqtR, srqtR*8,0.08,,,'sine')","sellAudio":"var srqtR = Math.min(1, gain / 6)\nplay(440, srqtR, srqtR*4,0,,,'sine')\nplay(440, srqtR, srqtR*8,0.08,,,'sine')"},{"id":"liquidation_rare","amount":500000,"buyGif":"explosion","sellGif":"explosion","buyColor":"rgb(156,39,176)","sellColor":"rgb(255,235,59)","buyAudio":"var srqtR = Math.min(1, gain / 10)\nplay(329.63, srqtR, 1,0,,,'sine')\nplay(329.63, srqtR, srqtR*10,0.08,,,'sine')","sellAudio":"var srqtR = Math.min(1, gain / 10)\nplay(440, srqtR, 1,0,,,'sine')\nplay(440, srqtR, srqtR*10,0.08,,,'sine')"}],"thresholds":[{"id":"threshold","amount":1000,"buyColor":"rgb(0,19,20)","sellColor":"rgb(30,0,15)","buyAudio":"play(659.26, gain / 10, 0.1 + gain / 7)","sellAudio":"play(493.88, gain * 1.5 / 10, 0.1 + gain / 7)"},{"id":"significant","amount":10000,"buyColor":"rgb(10,85,142)","sellColor":"rgb(65,0,33)","buyAudio":"play(659.26, 0.05 + gain / 10, 0.2 + ratio * 0.23,0,,0);\nplay(830.6, 0.05 + gain / 10, 0.2 + ratio * 0.23, 0.08,,0)","sellAudio":"play(493.88, 0.05 + gain * 1.5 / 10, 0.2 + ratio * 0.23,0,,0);\nplay(392, 0.05 + gain * 1.5 / 10, 0.2 + ratio * 0.23, 0.08,,0)"},{"id":"huge","amount":30000,"buyGif":"cash bullish","sellGif":"cash bearish","buyColor":"rgb(16,133,222)","sellColor":"rgb(127,0,63)","buyAudio":"play(659.26, 0.05 + gain / 25, 0.1 + ratio * 0.23, 0,,0);\nplay(830.6, 0.05 + gain / 25, 0.1 + ratio * 0.23, 0.08,,0);\nplay(987.76, 0.05 + gain / 25, 0.1 + ratio * 0.23, 0.16,,0);\nplay(1318.52, 0.05 + gain / 10, 0.1 + ratio * 0.23, 0.24,,0)","sellAudio":"play(493.88, 0.05 + gain / 25, 0.1 + ratio * 0.23, 0,,0);\nplay(369.99, 0.05 + gain * 1.5 / 10, 0.2, 0.08,,0);\nplay(293.66, 0.05 + gain * 1.5 / 10, 0.2, 0.16,,0);\nplay(246.94, 0.05 + gain * 1.5 / 10, 0.1 + ratio * 0.23, 0.24,,0)"},{"id":"rare","amount":100000,"buyGif":"explosion","sellGif":"explosion","buyColor":"rgb(100,181,246)","sellColor":"rgb(236,64,122)","buyAudio":"play(659.26, 0.05 + gain / 25, 0.1 + ratio * 0.13, 0,,0);\nplay(830.6, 0.05 + gain / 25, 0.1 + ratio * 0.13, 0.08,,0);\nplay(987.76, 0.05 + gain / 25, 0.1 + ratio * 0.13, 0.16,,0);\nplay(1318.52, 0.05 + gain / 10, 0.1 + ratio * 0.13, 0.24,,0)","sellAudio":"play(493.88, 0.05 + gain / 25, 0.1 + ratio * 0.13, 0,,0);\nplay(369.99, 0.05 + gain * 1.5 / 10, 0.2, 0.08,,0);\nplay(293.66, 0.05 + gain * 1.5 / 10, 0.2, 0.16,,0);\nplay(246.94, 0.05 + gain * 1.5 / 10, 0.1 + ratio * 0.13, 0.24,,0)"}],"audioThreshold":null,"multipliers":{},"maxRows":100,"muted":false,"audioPitch":null,"audioVolume":null,"showPairs":false,"showTrades":true,"showLiquidations":false,"showLogos":true,"monochromeLogos":true,"showTimeAgo":true,"showPrices":true,"showHistograms":true,"thresholdsMultipler":0.5,"_id":"trades","showThresholdsAsTable":true},"trades2":{"liquidations":[{"id":"liquidation_threshold","amount":32500,"buyColor":"rgba(236,64,122,0.5)","sellColor":"rgba(255,152,0,0.5)","buyAudio":"var srqtR = Math.min(1, gain / 4)\nplay(329.63, srqtR, srqtR*2,0,,,'sine')\nplay(329.63, srqtR, srqtR*4,0.08,,,'sine')","sellAudio":"var srqtR = Math.min(1, gain / 6)\nplay(440, srqtR, srqtR*2,0,,,'sine')\nplay(440, srqtR, srqtR*4,0.08,,,'sine')"},{"id":"liquidation_significant","amount":65000,"buyColor":"rgba(236,64,122,0.6)","sellColor":"rgba(255,152,0,0.7)","buyAudio":"var srqtR = Math.min(1, gain / 4)\nplay(329.63, srqtR, srqtR*4,0,,,'sine')\nplay(329.63, srqtR, srqtR*6,0.08,,,'sine')","sellAudio":"var srqtR = Math.min(1, gain / 6)\nplay(440, srqtR, srqtR*4,0,,,'sine')\nplay(440, srqtR, srqtR*6,0.08,,,'sine')"},{"id":"liquidation_huge","amount":130000,"buyGif":"flying money","sellGif":"flying money","buyColor":"rgba(236,64,122,0.7)","sellColor":"rgba(255,152,0,0.8)","buyAudio":"var srqtR = Math.min(1, gain / 4)\nplay(329.63, srqtR, srqtR*4,0,,,'sine')\nplay(329.63, srqtR, srqtR*8,0.08,,,'sine')","sellAudio":"var srqtR = Math.min(1, gain / 6)\nplay(440, srqtR, srqtR*4,0,,,'sine')\nplay(440, srqtR, srqtR*8,0.08,,,'sine')"},{"id":"liquidation_rare","amount":650000,"buyGif":"explosion","sellGif":"explosion","buyColor":"rgb(156,39,176)","sellColor":"rgb(255,235,59)","buyAudio":"var srqtR = Math.min(1, gain / 10)\nplay(329.63, srqtR, 1,0,,,'sine')\nplay(329.63, srqtR, srqtR*10,0.08,,,'sine')","sellAudio":"var srqtR = Math.min(1, gain / 10)\nplay(440, srqtR, 1,0,,,'sine')\nplay(440, srqtR, srqtR*10,0.08,,,'sine')"}],"thresholds":[{"id":"threshold","amount":1000,"buyColor":"rgb(0,19,20)","sellColor":"rgb(30,0,15)","buyAudio":"play(659.26, gain / 10, 0.1 + gain / 7)","sellAudio":"play(493.88, gain * 1.5 / 10, 0.1 + gain / 7)","buy":"rgba(119, 148, 92, 0.25)"},{"id":"significant","amount":10000,"buyColor":"rgb(10,85,142)","sellColor":"rgb(65,0,33)","buyAudio":"play(659.26, 0.05 + gain / 10, 0.2 + ratio * 0.23,0,,0);\nplay(830.6, 0.05 + gain / 10, 0.2 + ratio * 0.23, 0.08,,0)","sellAudio":"play(493.88, 0.05 + gain * 1.5 / 10, 0.2 + ratio * 0.23,0,,0);\nplay(392, 0.05 + gain * 1.5 / 10, 0.2 + ratio * 0.23, 0.08,,0)"},{"id":"huge","amount":30000,"buyGif":"cash bullish","sellGif":"cash bearish","buyColor":"rgb(16,133,222)","sellColor":"rgb(127,0,63)","buyAudio":"play(659.26, 0.05 + gain / 25, 0.1 + ratio * 0.23, 0,,0);\nplay(830.6, 0.05 + gain / 25, 0.1 + ratio * 0.23, 0.08,,0);\nplay(987.76, 0.05 + gain / 25, 0.1 + ratio * 0.23, 0.16,,0);\nplay(1318.52, 0.05 + gain / 10, 0.1 + ratio * 0.23, 0.24,,0)","sellAudio":"play(493.88, 0.05 + gain / 25, 0.1 + ratio * 0.23, 0,,0);\nplay(369.99, 0.05 + gain * 1.5 / 10, 0.2, 0.08,,0);\nplay(293.66, 0.05 + gain * 1.5 / 10, 0.2, 0.16,,0);\nplay(246.94, 0.05 + gain * 1.5 / 10, 0.1 + ratio * 0.23, 0.24,,0)"},{"id":"rare","amount":100000,"buyGif":"explosion","sellGif":"explosion","buyColor":"rgb(100,181,246)","sellColor":"rgb(236,64,122)","buyAudio":"play(659.26, 0.05 + gain / 25, 0.1 + ratio * 0.13, 0,,0);\nplay(830.6, 0.05 + gain / 25, 0.1 + ratio * 0.13, 0.08,,0);\nplay(987.76, 0.05 + gain / 25, 0.1 + ratio * 0.13, 0.16,,0);\nplay(1318.52, 0.05 + gain / 10, 0.1 + ratio * 0.13, 0.24,,0)","sellAudio":"play(493.88, 0.05 + gain / 25, 0.1 + ratio * 0.13, 0,,0);\nplay(369.99, 0.05 + gain * 1.5 / 10, 0.2, 0.08,,0);\nplay(293.66, 0.05 + gain * 1.5 / 10, 0.2, 0.16,,0);\nplay(246.94, 0.05 + gain * 1.5 / 10, 0.1 + ratio * 0.13, 0.24,,0)","max":false}],"audioThreshold":null,"multipliers":{},"maxRows":100,"muted":false,"audioPitch":null,"audioVolume":null,"showPairs":false,"showTrades":true,"showLiquidations":false,"showLogos":true,"monochromeLogos":false,"showTimeAgo":true,"showPrices":true,"showHistograms":true,"thresholdsMultipler":0.65,"_id":"trades2","showThresholdsAsTable":true},"stats2":{"granularity":5000,"window":60000,"enableChart":false,"buckets":{"trades":{"id":"trades","name":"TRADES","input":"cbuy + csell","enabled":true,"color":"rgba(255, 255, 255, .25)","precision":2,"type":"line"},"vold":{"id":"vold","name":"VOLUME","input":"vbuy + vsell","enabled":true,"color":"#40d745","type":"area","conditionnalColor":false},"tradesd":{"id":"tradesd","name":"TRADES Δ","input":"cbuy - csell","enabled":false,"color":"#2196f3","precision":2,"type":"line"},"1hliq":{"id":"1hliq","name":"1H LIQUIDATIONS Δ","window":3600000,"input":"lbuy-lsell","enabled":false,"color":"value>0?'#43a047':'#f44336'","conditionnalColor":true,"type":"histogram"}},"_id":"stats2"},"trades3":{"liquidations":[{"id":"liquidation_threshold","amount":1000,"buyColor":"rgba(236,64,122,0.5)","sellColor":"rgba(255,152,0,0.5)","buyAudio":"var srqtR = Math.min(1, gain / 4)\nplay(329.63, srqtR, srqtR*2,0,,,'sine')\nplay(329.63, srqtR, srqtR*4,0.08,,,'sine')","sellAudio":"var srqtR = Math.min(1, gain / 6)\nplay(440, srqtR, srqtR*2,0,,,'sine')\nplay(440, srqtR, srqtR*4,0.08,,,'sine')"},{"id":"liquidation_significant","amount":10000,"buyColor":"rgba(236,64,122,0.6)","sellColor":"rgba(255,152,0,0.7)","buyAudio":"var srqtR = Math.min(1, gain / 4)\nplay(329.63, srqtR, srqtR*4,0,,,'sine')\nplay(329.63, srqtR, srqtR*6,0.08,,,'sine')","sellAudio":"var srqtR = Math.min(1, gain / 6)\nplay(440, srqtR, srqtR*4,0,,,'sine')\nplay(440, srqtR, srqtR*6,0.08,,,'sine')"},{"id":"liquidation_huge","amount":30000,"buyGif":"flying money","sellGif":"flying money","buyColor":"rgba(236,64,122,0.7)","sellColor":"rgba(255,152,0,0.8)","buyAudio":"var srqtR = Math.min(1, gain / 4)\nplay(329.63, srqtR, srqtR*4,0,,,'sine')\nplay(329.63, srqtR, srqtR*8,0.08,,,'sine')","sellAudio":"var srqtR = Math.min(1, gain / 6)\nplay(440, srqtR, srqtR*4,0,,,'sine')\nplay(440, srqtR, srqtR*8,0.08,,,'sine')"},{"id":"liquidation_rare","amount":100000,"buyGif":"explosion","sellGif":"explosion","buyColor":"rgba(174,19,73,0.7)","sellColor":"rgb(255,235,59)","buyAudio":"var srqtR = Math.min(1, gain / 10)\nplay(329.63, srqtR, 1,0,,,'sine')\nplay(329.63, srqtR, srqtR*10,0.08,,,'sine')","sellAudio":"var srqtR = Math.min(1, gain / 10)\nplay(440, srqtR, 1,0,,,'sine')\nplay(440, srqtR, srqtR*10,0.08,,,'sine')"}],"thresholds":[{"id":"threshold","amount":1000,"buyColor":"rgba(119, 148, 92, 0.25)","sellColor":"rgba(239, 67, 82, 0.25)","buyAudio":"play(659.26, gain / 10, 0.1 + gain / 7)","sellAudio":"play(493.88, gain * 1.5 / 10, 0.1 + gain / 7)"},{"id":"significant","amount":10000,"buyColor":"rgb(100, 157, 102)","sellColor":"rgb(239, 67, 82)","buyAudio":"play(659.26, 0.05 + gain / 10, 0.2 + ratio * 0.23,0,,0);\nplay(830.6, 0.05 + gain / 10, 0.2 + ratio * 0.23, 0.08,,0)","sellAudio":"play(493.88, 0.05 + gain * 1.5 / 10, 0.2 + ratio * 0.23,0,,0);\nplay(392, 0.05 + gain * 1.5 / 10, 0.2 + ratio * 0.23, 0.08,,0)"},{"id":"huge","amount":30000,"buyGif":"cash bullish","sellGif":"cash bearish","buyColor":"rgb(59, 202, 109)","sellColor":"rgb(235, 30, 47)","buyAudio":"play(659.26, 0.05 + gain / 25, 0.1 + ratio * 0.23, 0,,0);\nplay(830.6, 0.05 + gain / 25, 0.1 + ratio * 0.23, 0.08,,0);\nplay(987.76, 0.05 + gain / 25, 0.1 + ratio * 0.23, 0.16,,0);\nplay(1318.52, 0.05 + gain / 10, 0.1 + ratio * 0.23, 0.24,,0)","sellAudio":"play(493.88, 0.05 + gain / 25, 0.1 + ratio * 0.23, 0,,0);\nplay(369.99, 0.05 + gain * 1.5 / 10, 0.2, 0.08,,0);\nplay(293.66, 0.05 + gain * 1.5 / 10, 0.2, 0.16,,0);\nplay(246.94, 0.05 + gain * 1.5 / 10, 0.1 + ratio * 0.23, 0.24,,0)"},{"id":"rare","amount":100000,"buyGif":"explosion","sellGif":"explosion","buyColor":"rgb(0, 255, 127)","sellColor":"rgb(217, 31, 28)","buyAudio":"play(659.26, 0.05 + gain / 25, 0.1 + ratio * 0.13, 0,,0);\nplay(830.6, 0.05 + gain / 25, 0.1 + ratio * 0.13, 0.08,,0);\nplay(987.76, 0.05 + gain / 25, 0.1 + ratio * 0.13, 0.16,,0);\nplay(1318.52, 0.05 + gain / 10, 0.1 + ratio * 0.13, 0.24,,0)","sellAudio":"play(493.88, 0.05 + gain / 25, 0.1 + ratio * 0.13, 0,,0);\nplay(369.99, 0.05 + gain * 1.5 / 10, 0.2, 0.08,,0);\nplay(293.66, 0.05 + gain * 1.5 / 10, 0.2, 0.16,,0);\nplay(246.94, 0.05 + gain * 1.5 / 10, 0.1 + ratio * 0.13, 0.24,,0)"}],"audioThreshold":null,"multipliers":{},"maxRows":100,"muted":false,"audioPitch":null,"audioVolume":null,"showPairs":false,"showTrades":false,"showLiquidations":true,"showLogos":true,"monochromeLogos":false,"showTimeAgo":true,"showPrices":true,"showHistograms":true,"thresholdsMultipler":1,"_id":"trades3","showThresholdsAsTable":true}}}